Workbook

Sheet Panduan
A1: Trial Lab FLIPS – Panduan Pengisian Worksheet
A2: FLIPS Enhancement Phase 3 | End-to-End Process Testing
B4: Tujuan Worksheet
B5: Mendokumentasikan hasil trial lab pengujian end-to-end proses FLIPS yang dijalankan oleh tim Procurement, untuk menemukan gap, remediation, dan possibility improvement yang akan menjadi input Gap Analysis dan Business Case FLIPS Phase 3.
B7: Ruang Lingkup Trial Lab
B8: Trial lab ini diuji oleh tim Procurement dan mencakup 3 area proses: 1) Master Vendor & Item — data master yang menjadi fondasi transaksi 2) Shopping Cart — proses PR sampai PO untuk item katalog 3) Non-Shopping Cart PO — proses PR, PRF, Due Diligence, ProcSum, sampai PO & approval HOP Proses Finance (Invoice Management, Voucher, Payment) di luar ruang lingkup trial lab ini karena dijalankan oleh tim Finance, namun tetap dipetakan di sheet 'Fokus Gap Phase 3' sebatas titik temu (hand-off) yang bisa diamati dari sisi Procurement.
B10: Cara Menggunakan
B11: 1) Pilih sheet sesuai modul/proses yang sedang diuji (Master Vendor & Item, Shopping Cart, Non-Shopping Cart PO, atau Fokus Gap Phase 3). 2) Kolom No sampai Expected Result sudah disiapkan berdasarkan user manual FLIPS, tidak perlu diubah kecuali ada penyesuaian. 3) Isi kolom Actual Result berdasarkan hasil yang benar-benar terjadi saat trial dijalankan. 4) Pilih Status dari dropdown (Sesuai / Partial Gap / Gap / Belum Diuji). 5) Jika Status = Gap atau Partial Gap, wajib isi Deskripsi Gap, Dampak, Severity, dan Usulan Remediation. 6) Baris kosong di bagian bawah setiap sheet dapat digunakan untuk menambahkan skenario baru yang ditemukan saat trial berjalan. 7) Pindahkan/salin setiap baris berstatus Gap atau Partial Gap ke sheet 'Gap Log Konsolidasi' untuk tindak lanjut.
B13: Struktur Sheet
B14: - Master Vendor & Item: pengujian data master Vendor Master dan Item Master - Shopping Cart: pengujian proses PR shopping cart sampai PO - Non-Shopping Cart PO: pengujian proses PR, ProcSum, Due Diligence, sampai PO & approval HOP - Fokus Gap Phase 3: skenario khusus untuk memvalidasi gap yang sudah teridentifikasi (Contract-to-Payment, Ratecard, Installment Monitoring, Dashboard) dari sudut pandang tim Procurement - Gap Log Konsolidasi: rekap seluruh temuan gap lintas proses untuk tindak lanjut & tracking - Ringkasan: rekap jumlah skenario per status, otomatis terhubung ke seluruh sheet proses
B16: Catatan
B17: Worksheet ini adalah draft awal untuk direview. Skenario, expected result, PIC role, dan kolom dapat disesuaikan sebelum trial lab dijalankan. Silakan tambah/hapus baris sesuai kebutuhan aktual tim Procurement.
B20: Referensi Sumber:
B21: • User Manual Master APS Procurement v0.2 (Vendor Master & Item Master)
... B24: • Gap Analysis FLIPS Enhancement Phase 3 (Bang Dimas / Nikolas / Mba Renata / Mba Anes)

Sheet Ringkasan
A1: Ringkasan Hasil Trial Lab FLIPS
A2: Rekap otomatis berdasarkan kolom Status di setiap sheet proses
A4: No | B4: Proses | C4: Belum Diuji | D4: Sesuai | E4: Partial Gap | F4: Gap | G4: Total Skenario
A5: 1 | B5: Master Vendor & Item | C5: =COUNTIF('Master Vendor & Item'!$G$5:$G$18,"Belum Diuji") -> 0 | D5: =COUNTIF('Master Vendor & Item'!$G$5:$G$18,"Sesuai") -> 0 | E5: =COUNTIF('Master Vendor & Item'!$G$5:$G$18,"Partial Gap") -> 0 | F5: =COUNTIF('Master Vendor & Item'!$G$5:$G$18,"Gap") -> 0 | G5: =C5+D5+E5+F5 -> 0
A6: 2 | B6: Shopping Cart | C6: =COUNTIF('Shopping Cart'!$G$5:$G$15,"Belum Diuji") -> 0 | D6: =COUNTIF('Shopping Cart'!$G$5:$G$15,"Sesuai") -> 0 | E6: =COUNTIF('Shopping Cart'!$G$5:$G$15,"Partial Gap") -> 0 | F6: =COUNTIF('Shopping Cart'!$G$5:$G$15,"Gap") -> 0 | G6: =C6+D6+E6+F6 -> 0
A7: 3 | B7: Non-Shopping Cart PO | C7: =COUNTIF('Non-Shopping Cart PO'!$G$5:$G$27,"Belum Diuji") -> 0 | D7: =COUNTIF('Non-Shopping Cart PO'!$G$5:$G$27,"Sesuai") -> 0 | E7: =COUNTIF('Non-Shopping Cart PO'!$G$5:$G$27,"Partial Gap") -> 0 | F7: =COUNTIF('Non-Shopping Cart PO'!$G$5:$G$27,"Gap") -> 0 | G7: =C7+D7+E7+F7 -> 0
A8: 4 | B8: Fokus Gap Phase 3 | C8: =COUNTIF('Fokus Gap Phase 3'!$G$5:$G$14,"Belum Diuji") -> 0 | D8: =COUNTIF('Fokus Gap Phase 3'!$G$5:$G$14,"Sesuai") -> 0 | E8: =COUNTIF('Fokus Gap Phase 3'!$G$5:$G$14,"Partial Gap") -> 0 | F8: =COUNTIF('Fokus Gap Phase 3'!$G$5:$G$14,"Gap") -> 0 | G8: =C8+D8+E8+F8 -> 0
B9: TOTAL | C9: =SUM(C5:C8) -> 0 | D9: =SUM(D5:D8) -> 0 | E9: =SUM(E5:E8) -> 0 | F9: =SUM(F5:F8) -> 0 | G9: =SUM(G5:G8) -> 0
B12: Catatan: tabel ini terhubung otomatis (formula) ke kolom Status pada masing-masing sheet proses. Update akan muncul otomatis saat kolom Status diisi selama trial berjalan.

Sheet Master Vendor & Item
A1: Trial Lab – Master Vendor & Item
A2: Sumber: User Manual Master APS Procurement v0.2 (khusus Vendor Master & Item Master)
A4: No | B4: Modul / Proses | C4: Skenario / Langkah yang Diuji | D4: Role Penguji (PIC) | E4: Expected Result (Ideal) | F4: Actual Result (diisi saat trial) | G4: Status | H4: Deskripsi Gap | I4: Dampak | J4: Severity | K4: Usulan Remediation / Improvement | L4: Catatan Tambahan
A5: 1 | B5: Vendor Master | C5: Create vendor baru lengkap dengan Bank Account, Payment Terms, dan Additional Profile | D5: Procurement Support | E5: Vendor berhasil tersimpan, seluruh field (bank account, payment terms) tersimpan dengan benar dan dapat ditemukan di list vendor
A6: 2 | B6: Vendor Master | C6: Lihat list dan detail vendor, gunakan filter pencarian | D6: Procurement Buyer / Procurement Support | E6: List & detail vendor tampil sesuai data yang diinput, filter berfungsi akurat
A7: 3 | B7: Vendor Master | C7: Update data vendor existing (contact person, bank account, payment terms) | D7: Procurement Support | E7: Perubahan tersimpan dan langsung konsisten dipakai di transaksi PR/PO berikutnya
A8: 4 | B8: Vendor Master | C8: Non-aktifkan (delete) vendor lalu cek status | D8: Procurement Support | E8: Vendor tidak terhapus permanen, status berubah menjadi non-active dan tidak muncul lagi sebagai pilihan di transaksi baru
A9: 5 | B9: Item Master | C9: Create item baru dengan harga, currency, vendor, dan periode validity | D9: Procurement Buyer / Procurement Support | E9: Item tersimpan dan otomatis muncul di Shopping Cart selama periode masih berlaku
A10: 6 | B10: Item Master | C10: Lihat list & detail Item Master, gunakan filter (Item Name, Category, Sub Category, Account Code) | D10: Procurement Buyer | E10: List & detail item tampil sesuai data yang diinput, filter berfungsi akurat
A11: 7 | B11: Item Master | C11: Update harga & periode item master, lalu cek apakah tampil di Shopping Cart setelah expired | D11: Procurement Support | E11: Item dengan periode expired otomatis tidak tampil lagi di Shopping Cart
A12: 8 | B12: Item Master | C12: Hapus (soft delete) Item Master lalu cek dampaknya ke Shopping Cart | D12: Procurement Support | E12: Item tidak terhapus permanen, item non-active tidak lagi bisa dipilih requestor di Shopping Cart
B20: Legend Status:
B21: Sesuai | C21: Proses berjalan sesuai expected result, tidak ada gap
B22: Partial Gap | C22: Proses berjalan namun ada penyimpangan minor / workaround
B23: Gap | C23: Proses tidak dapat dijalankan sesuai expected result / gap signifikan
B24: Belum Diuji | C24: Skenario belum dijalankan saat trial

Sheet Shopping Cart
A1: Trial Lab – Shopping Cart
A2: Sumber: User Manual Shopping Cart v0.3
A4: No | B4: Modul / Proses | C4: Skenario / Langkah yang Diuji | D4: Role Penguji (PIC) | E4: Expected Result (Ideal) | F4: Actual Result (diisi saat trial) | G4: Status | H4: Deskripsi Gap | I4: Dampak | J4: Severity | K4: Usulan Remediation / Improvement | L4: Catatan Tambahan
A5: 1 | B5: Shopping Cart – PR | C5: Requestor create PR Shopping Cart dengan memilih item dari katalog Item Master | D5: Requestor | E5: PR tersimpan dengan nomor PR terbentuk otomatis, item & harga sesuai Item Master, budget tervalidasi otomatis
A6: 2 | B6: Shopping Cart – Approval | C6: Approver memproses approval PR Shopping Cart (Approve / Reject / Revise) | D6: Approver | E6: Approval berjalan sesuai approval flow/matriks, notifikasi email terkirim ke pihak terkait di setiap tahap
A7: 3 | B7: Shopping Cart – Print Out | C7: Download print out PR Shopping Cart setelah full approve | D7: Requestor / Procurement Support | E7: Print out PR ter-generate otomatis dan hanya tersedia setelah status full approve
A8: 4 | B8: Shopping Cart – Generate PO | C8: Generate Purchase Order dari PR Shopping Cart yang sudah full approve | D8: Procurement Buyer | E8: PO ter-generate otomatis dari PR, data (vendor, item, harga, budget) konsisten dengan PR tanpa input ulang manual
A9: 5 | B9: Shopping Cart – Cancel/Revisi | C9: Cancel atau revisi PR Shopping Cart sebelum full approve | D9: Requestor | E9: PR yang belum full approve dapat dibatalkan/direvisi, status berubah sesuai aksi tanpa mempengaruhi data lain
B17: Legend Status:
B18: Sesuai | C18: Proses berjalan sesuai expected result, tidak ada gap
B19: Partial Gap | C19: Proses berjalan namun ada penyimpangan minor / workaround
B20: Gap | C20: Proses tidak dapat dijalankan sesuai expected result / gap signifikan
B21: Belum Diuji | C21: Skenario belum dijalankan saat trial

Sheet Non-Shopping Cart PO
A1: Trial Lab – Non-Shopping Cart PO
A2: Sumber: User Manual Non Shopping Cart PO v0.3
A4: No | B4: Modul / Proses | C4: Skenario / Langkah yang Diuji | D4: Role Penguji (PIC) | E4: Expected Result (Ideal) | F4: Actual Result (diisi saat trial) | G4: Status | H4: Deskripsi Gap | I4: Dampak | J4: Severity | K4: Usulan Remediation / Improvement | L4: Catatan Tambahan
A5: 1 | B5: PR Non-Shopping Cart | C5: Requestor create PR Non-Shopping Cart (input spesifikasi, quantity, delivery requirement) | D5: Requestor | E5: PR tersimpan dengan nomor PR otomatis, sistem cek Master Budget Management dan menandai Non Budget jika belum tersedia
A6: 2 | B6: PR Non-Shopping Cart | C6: Cancel request PR sebelum diproses approval | D6: Requestor | E6: PR yang belum di-approve dapat dibatalkan, status berubah menjadi cancel
A7: 3 | B7: PR Non-Shopping Cart | C7: Switch approver pada PR yang belum di-approve | D7: Requestor | E7: Approver dapat diganti sebelum ada aksi approval, notifikasi terkirim ke approver baru
A8: 4 | B8: PR Non-Shopping Cart | C8: Approval PR oleh Approver (Approve/Reject/Revise) | D8: Approver | E8: Approval berjalan sesuai matriks, PR revised kembali ke requestor untuk perbaikan
A9: 5 | B9: Procurement Buyer – PRF | C9: Procurement Buyer memproses Purchase Request Form (PRF) dari PR yang sudah approved | D9: Procurement Buyer | E9: PRF terbentuk otomatis dari PR approved, seluruh data PR terbawa tanpa input ulang
A10: 6 | B10: Procurement Buyer – Type Process & Vendor | C10: Tentukan Type Process dan Candidate Vendor untuk PRF | D10: Procurement Buyer | E10: Vendor kandidat dapat dipilih dari Vendor Master, type process tersimpan dan menentukan alur berikutnya
A11: 7 | B11: Procurement Buyer – Quotation | C11: Proses input Quotation dari Vendor | D11: Procurement Buyer | E11: Quotation tersimpan dan digunakan sebagai dasar harga di ProcSum
A12: 8 | B12: Due Diligence (DD) | C12: Request Due Diligence untuk vendor baru / DD yang belum aktif, termasuk screening PEP | D12: Procurement Buyer / Compliance | E12: DD dapat diproses paralel dengan ProcSum, namun PO ter-lock oleh sistem jika status DD belum aktif/completed saat generate PO
A13: 9 | B13: Due Diligence – PEP Process | C13: Compliance memproses hasil screening PEP (approve/reject) | D13: PIC Compliance | E13: Notifikasi email diterima Compliance saat ada hasil PEP, proses approve/reject tercatat dan mempengaruhi status DD
A14: 10 | B14: PRF Vendor Enhancement | C14: Update/enhancement data vendor melalui PRF jika data vendor kurang lengkap | D14: Procurement Buyer | E14: Data vendor ter-update dan tersinkron dengan Vendor Master tanpa duplikasi data
A15: 11 | B15: Generate ProcSum | C15: Procurement Buyer generate Procurement Summary (ProcSum) dari PRF & Quotation | D15: Procurement Buyer | E15: ProcSum ter-generate dengan data vendor, harga, dan budget yang konsisten dengan proses sebelumnya
A16: 12 | B16: Approval ProcSum | C16: Approver memproses approval ProcSum | D16: Approver | E16: Approval berjalan sesuai matriks, ProcSum revised kembali ke Procurement Buyer jika perlu perbaikan
... A21: 17 | B21: Report PO | C21: Tracking & export Report List PO (harian/mingguan/bulanan) dengan filter | D21: Procurement Support | E21: Export Excel berhasil, data lengkap dan sesuai filter (PR/PO status, department, vendor, dll)
B29: Legend Status:
B30: Sesuai | C30: Proses berjalan sesuai expected result, tidak ada gap
B31: Partial Gap | C31: Proses berjalan namun ada penyimpangan minor / workaround
B32: Gap | C32: Proses tidak dapat dijalankan sesuai expected result / gap signifikan
B33: Belum Diuji | C33: Skenario belum dijalankan saat trial

Sheet Fokus Gap Phase 3
A1: Trial Lab – Fokus Validasi Gap Phase 3
A2: Skenario khusus untuk memvalidasi gap utama Business Case Phase 3, dari sudut pandang tim Procurement
A4: No | B4: Modul / Proses | C4: Skenario / Langkah yang Diuji | D4: Role Penguji (PIC) | E4: Expected Result (Ideal) | F4: Actual Result (diisi saat trial) | G4: Status | H4: Deskripsi Gap | I4: Dampak | J4: Severity | K4: Usulan Remediation / Improvement | L4: Catatan Tambahan
A5: 1 | B5: Contract-to-Payment | C5: Telusuri transaksi PR/PO yang bersumber dari kontrak vendor aktif, amati apakah data kontrak (nilai, termin, vendor) terbawa otomatis ke PO tanpa input ulang manual oleh Procurement Buyer | D5: Procurement Buyer | E5: Data kontrak (~78% dari total spend) terhubung otomatis ke PO, Procurement Buyer tidak perlu input ulang nilai/termin kontrak secara manual
A6: 2 | B6: Ratecard – Transaksi GL/PAP | C6: Buat transaksi ratecard melalui channel GL/PAP, amati apakah buyer harus input amount secara manual | D6: Procurement Buyer / Procurement Support | E6: Sistem otomatis mengambil rate dari ratecard/kontrak, buyer tidak perlu input amount manual sehingga potensi selisih laporan berkurang
A7: 3 | B7: Installment Monitoring | C7: Telusuri PO/kontrak dengan skema pembayaran termin (installment), amati apakah Procurement Support punya visibilitas progress pembayaran per termin | D7: Procurement Support | E7: Tersedia tampilan/monitoring progress installment (termin ke berapa, jatuh tempo, status on-time/telat) yang bisa diakses tim Procurement, sesuai Term of Payment yang disepakati
A8: 4 | B8: Dashboard / Portfolio Overview | C8: Cek apakah tersedia dashboard yang menampilkan transaksi in-progress, total nilai, dan jumlah submission untuk tim Procurement | D8: Procurement Support / Procurement Buyer | E8: Tersedia dashboard portfolio yang menampilkan ringkasan transaksi in-progress, total value, dan submission count secara real-time tanpa perlu export manual ke Excel
B16: Legend Status:
B17: Sesuai | C17: Proses berjalan sesuai expected result, tidak ada gap
B18: Partial Gap | C18: Proses berjalan namun ada penyimpangan minor / workaround
B19: Gap | C19: Proses tidak dapat dijalankan sesuai expected result / gap signifikan
B20: Belum Diuji | C20: Skenario belum dijalankan saat trial

Sheet Gap Log Konsolidasi
A1: Gap Log Konsolidasi – Trial Lab FLIPS
A2: Pindahkan setiap baris berstatus Gap / Partial Gap dari sheet proses ke log ini untuk tindak lanjut
A4: No | B4: Tanggal Trial | C4: Sheet / Proses Asal | D4: Modul | E4: Deskripsi Gap | F4: Dampak | G4: Severity | H4: Usulan Remediation / Improvement | I4: Kategori PMO | J4: PIC Tindak Lanjut | K4: Target Selesai | L4: Status Tindak Lanjut
A5: 1
A6: 2
A7: 3
A8: 4
A9: 5
A10: 6
A11: 7
A12: 8
A13: 9
A14: 10
A15: 11
A16: 12
... A24: 20
